-- MySQL dump 10.13  Distrib 8.0.18, for Win64 (x86_64)
--
-- Host: ec2-3-80-212-194.compute-1.amazonaws.com    Database: pineapplecard
-- ------------------------------------------------------
-- Server version	8.0.18

/*!40101 SET @OLD_CHARACTER_SET_CLIENT=@@CHARACTER_SET_CLIENT */;
/*!40101 SET @OLD_CHARACTER_SET_RESULTS=@@CHARACTER_SET_RESULTS */;
/*!40101 SET @OLD_COLLATION_CONNECTION=@@COLLATION_CONNECTION */;
/*!50503 SET NAMES utf8 */;
/*!40103 SET @OLD_TIME_ZONE=@@TIME_ZONE */;
/*!40103 SET TIME_ZONE='+00:00' */;
/*!40014 SET @OLD_UNIQUE_CHECKS=@@UNIQUE_CHECKS, UNIQUE_CHECKS=0 */;
/*!40014 SET @OLD_FOREIGN_KEY_CHECKS=@@FOREIGN_KEY_CHECKS, FOREIGN_KEY_CHECKS=0 */;
/*!40101 SET @OLD_SQL_MODE=@@SQL_MODE, SQL_MODE='NO_AUTO_VALUE_ON_ZERO' */;
/*!40111 SET @OLD_SQL_NOTES=@@SQL_NOTES, SQL_NOTES=0 */;

--
-- Table structure for table `categorias_estabelecimentos`
--

DROP TABLE IF EXISTS `categorias_estabelecimentos`;
/*!40101 SET @saved_cs_client     = @@character_set_client */;
/*!50503 SET character_set_client = utf8mb4 */;
CREATE TABLE `categorias_estabelecimentos` (
  `id` bigint(20) unsigned NOT NULL AUTO_INCREMENT,
  `nome` varchar(255) COLLATE utf8mb4_unicode_ci NOT NULL,
  `taxa_pontuacao` double(4,2) NOT NULL,
  `status` tinyint(1) NOT NULL DEFAULT '1',
  `created_at` timestamp NULL DEFAULT NULL,
  `updated_at` timestamp NULL DEFAULT NULL,
  PRIMARY KEY (`id`)
) ENGINE=InnoDB AUTO_INCREMENT=8 DEFAULT CHARSET=utf8mb4 COLLATE=utf8mb4_unicode_ci;
/*!40101 SET character_set_client = @saved_cs_client */;

--
-- Dumping data for table `categorias_estabelecimentos`
--

LOCK TABLES `categorias_estabelecimentos` WRITE;
/*!40000 ALTER TABLE `categorias_estabelecimentos` DISABLE KEYS */;
INSERT INTO `categorias_estabelecimentos` VALUES (1,'RXTa0eai1R',0.80,1,NULL,NULL),(2,'QhwS6q2Db8',1.00,1,NULL,NULL),(3,'CynWwDknFa',1.40,1,NULL,NULL),(4,'JGsSQj9sgd',1.80,1,NULL,NULL),(5,'elK3rO39Tw',2.30,1,NULL,NULL),(6,'dp4fnWy5ON',0.30,1,NULL,NULL),(7,'xRSbqAjBaq',2.70,1,NULL,NULL);
/*!40000 ALTER TABLE `categorias_estabelecimentos` ENABLE KEYS */;
UNLOCK TABLES;

--
-- Table structure for table `clientes`
--

DROP TABLE IF EXISTS `clientes`;
/*!40101 SET @saved_cs_client     = @@character_set_client */;
/*!50503 SET character_set_client = utf8mb4 */;
CREATE TABLE `clientes` (
  `id` bigint(20) unsigned NOT NULL AUTO_INCREMENT,
  `nome` varchar(255) COLLATE utf8mb4_unicode_ci NOT NULL,
  `status` tinyint(1) NOT NULL DEFAULT '1',
  `created_at` timestamp NULL DEFAULT NULL,
  `updated_at` timestamp NULL DEFAULT NULL,
  `dia_pagamento` smallint(6) NOT NULL,
  `limite` double(10,2) NOT NULL,
  PRIMARY KEY (`id`)
) ENGINE=InnoDB AUTO_INCREMENT=2 DEFAULT CHARSET=utf8mb4 COLLATE=utf8mb4_unicode_ci;
/*!40101 SET character_set_client = @saved_cs_client */;

--
-- Dumping data for table `clientes`
--

LOCK TABLES `clientes` WRITE;
/*!40000 ALTER TABLE `clientes` DISABLE KEYS */;
INSERT INTO `clientes` VALUES (1,'MMyAXoKEVE',1,NULL,NULL,15,10000.00);
/*!40000 ALTER TABLE `clientes` ENABLE KEYS */;
UNLOCK TABLES;

--
-- Table structure for table `estabelecimentos`
--

DROP TABLE IF EXISTS `estabelecimentos`;
/*!40101 SET @saved_cs_client     = @@character_set_client */;
/*!50503 SET character_set_client = utf8mb4 */;
CREATE TABLE `estabelecimentos` (
  `id` bigint(20) unsigned NOT NULL AUTO_INCREMENT,
  `categoria_estabelecimento_id` bigint(20) unsigned NOT NULL,
  `nome` varchar(255) COLLATE utf8mb4_unicode_ci NOT NULL,
  `status` tinyint(1) NOT NULL DEFAULT '1',
  `latitude` double(15,10) NOT NULL,
  `longitude` double(15,10) NOT NULL,
  `created_at` timestamp NULL DEFAULT NULL,
  `updated_at` timestamp NULL DEFAULT NULL,
  PRIMARY KEY (`id`),
  KEY `estabelecimentos_categoria_estabelecimento_id_foreign` (`categoria_estabelecimento_id`),
  CONSTRAINT `estabelecimentos_categoria_estabelecimento_id_foreign` FOREIGN KEY (`categoria_estabelecimento_id`) REFERENCES `categorias_estabelecimentos` (`id`)
) ENGINE=InnoDB AUTO_INCREMENT=24 DEFAULT CHARSET=utf8mb4 COLLATE=utf8mb4_unicode_ci;
/*!40101 SET character_set_client = @saved_cs_client */;

--
-- Dumping data for table `estabelecimentos`
--

LOCK TABLES `estabelecimentos` WRITE;
/*!40000 ALTER TABLE `estabelecimentos` DISABLE KEYS */;
INSERT INTO `estabelecimentos` VALUES (1,1,'CATRACA SAUDAVEL',1,-18.1537365500,-47.9346608200,'2019-12-27 00:56:52','2019-12-27 00:56:52'),(2,1,'PIKI',1,-18.1515038800,-47.9266141900,'2019-12-27 00:56:52','2019-12-27 00:56:52'),(3,5,'EVOTION',1,-18.1659494900,-47.9439198000,'2019-12-27 00:56:52','2019-12-27 00:56:52'),(4,4,'EASY CAR',1,-18.1749914100,-47.9424606800,'2019-12-27 00:56:52','2019-12-27 00:56:52'),(5,4,'GRELHADOS DAENERYS',1,-18.1755112800,-47.9282020600,'2019-12-27 00:56:52','2019-12-27 00:56:52'),(6,3,'AGUIRREO',1,-18.1723308700,-47.9174732200,'2019-12-27 00:56:52','2019-12-27 00:56:52'),(7,4,'FORTALE PEÇAS',1,-18.1638596900,-47.9464732600,'2019-12-27 00:56:52','2019-12-27 00:56:52'),(8,1,'ZULETO',1,-18.1542880000,-47.9330420000,'2019-12-27 00:56:52','2019-12-27 00:56:52'),(9,3,'MANZUELA',1,-18.1720046700,-47.9355834900,'2019-12-27 00:56:52','2019-12-27 00:56:52'),(10,2,'MMERCADO',1,-18.1649096900,-47.9500030500,'2019-12-27 00:56:52','2019-12-27 00:56:52'),(11,5,'WEBBLO',1,-18.1777640400,-47.9417311200,'2019-12-27 00:56:52','2019-12-27 00:56:52'),(12,1,'VITTA BUENA',1,-18.1686611000,-47.9454540200,'2019-12-27 00:56:52','2019-12-27 00:56:52'),(13,3,'EXCLUSIVUM',1,-18.1821165600,-47.9741214700,'2019-12-27 00:56:52','2019-12-27 00:56:52'),(14,7,'CAZIANO',1,-18.1589562100,-47.9468273200,'2019-12-27 00:56:52','2019-12-27 00:56:52'),(15,6,'ROSARIO',1,-18.1485983000,-47.9376434300,'2019-12-27 00:56:52','2019-12-27 00:56:52'),(16,1,'NATILLAS',1,-18.1687630400,-47.9454325700,'2019-12-27 00:56:52','2019-12-27 00:56:52'),(17,3,'VIVERA',1,-18.1737987600,-47.9240821800,'2019-12-27 00:56:52','2019-12-27 00:56:52'),(18,1,'RAIOS QUE ME MORDAM',1,-18.1456009100,-47.9235886600,'2019-12-27 00:56:52','2019-12-27 00:56:52'),(19,1,'LIVREMENTE',1,-18.1533491500,-47.9283200700,'2019-12-27 00:56:52','2019-12-27 00:56:52'),(20,3,'PROMODA',1,-18.1608319900,-47.9128383600,'2019-12-27 00:56:53','2019-12-27 00:56:53'),(21,3,'AMÊNDOA DOCE',1,-18.1428073900,-47.9460548400,'2019-12-27 00:56:53','2019-12-27 00:56:53'),(22,2,'SMERCADO',1,-18.1589867900,-47.9421388100,'2019-12-27 00:56:53','2019-12-27 00:56:53'),(23,3,'CIRANDA DOS TECIDOS',1,-18.1521869400,-47.9101776100,'2019-12-27 00:56:53','2019-12-27 00:56:53');
/*!40000 ALTER TABLE `estabelecimentos` ENABLE KEYS */;
UNLOCK TABLES;

--
-- Table structure for table `faturas`
--

DROP TABLE IF EXISTS `faturas`;
/*!40101 SET @saved_cs_client     = @@character_set_client */;
/*!50503 SET character_set_client = utf8mb4 */;
CREATE TABLE `faturas` (
  `id` bigint(20) unsigned NOT NULL AUTO_INCREMENT,
  `cliente_id` bigint(20) unsigned NOT NULL,
  `mes_referencia` smallint(6) NOT NULL,
  `ano_referencia` year(4) NOT NULL,
  `data_vencimento` date NOT NULL,
  `data_processamento` date NOT NULL,
  `data_pagamento` date DEFAULT NULL,
  `valor_total` double(10,2) NOT NULL,
  `valor_pago` double(10,2) DEFAULT NULL,
  `status_fatura_id` bigint(20) unsigned NOT NULL,
  `pontos` bigint(20) NOT NULL,
  `created_at` timestamp NULL DEFAULT NULL,
  `updated_at` timestamp NULL DEFAULT NULL,
  PRIMARY KEY (`id`),
  KEY `faturas_cliente_id_mes_referencia_ano_referencia_index` (`cliente_id`,`mes_referencia`,`ano_referencia`),
  KEY `faturas_status_fatura_id_foreign` (`status_fatura_id`),
  CONSTRAINT `faturas_cliente_id_foreign` FOREIGN KEY (`cliente_id`) REFERENCES `clientes` (`id`),
  CONSTRAINT `faturas_status_fatura_id_foreign` FOREIGN KEY (`status_fatura_id`) REFERENCES `status_faturas` (`id`)
) ENGINE=InnoDB AUTO_INCREMENT=6 DEFAULT CHARSET=utf8mb4 COLLATE=utf8mb4_unicode_ci;
/*!40101 SET character_set_client = @saved_cs_client */;

--
-- Dumping data for table `faturas`
--

LOCK TABLES `faturas` WRITE;
/*!40000 ALTER TABLE `faturas` DISABLE KEYS */;
INSERT INTO `faturas` VALUES (1,1,11,2019,'2019-11-15','2019-11-05',NULL,4525.37,NULL,3,5927,'2019-12-27 00:56:52','2019-12-27 00:56:54'),(2,1,12,2019,'2019-12-15','2019-12-05',NULL,4850.68,NULL,3,6963,'2019-12-27 00:56:52','2019-12-27 00:56:54'),(3,1,10,2019,'2019-10-15','2019-10-05',NULL,834.60,NULL,2,1055,'2019-12-27 00:56:52','2019-12-27 00:56:54'),(4,1,1,2020,'2020-01-15','2020-01-05',NULL,3986.42,NULL,1,5268,'2019-12-27 00:56:52','2019-12-27 00:56:54'),(5,1,2,2020,'2020-02-15','2020-02-05',NULL,1454.13,NULL,1,2135,'2019-12-27 00:56:52','2019-12-27 00:56:54');
/*!40000 ALTER TABLE `faturas` ENABLE KEYS */;
UNLOCK TABLES;

--
-- Table structure for table `lancamentos`
--

DROP TABLE IF EXISTS `lancamentos`;
/*!40101 SET @saved_cs_client     = @@character_set_client */;
/*!50503 SET character_set_client = utf8mb4 */;
CREATE TABLE `lancamentos` (
  `id` bigint(20) NOT NULL,
  `estabelecimento_id` bigint(20) unsigned NOT NULL,
  `valor` double(10,2) NOT NULL,
  `data` date NOT NULL,
  `hora` time NOT NULL,
  `created_at` timestamp NULL DEFAULT NULL,
  `updated_at` timestamp NULL DEFAULT NULL,
  `fatura_id` bigint(20) unsigned NOT NULL,
  `estorno` tinyint(1) NOT NULL DEFAULT '0',
  PRIMARY KEY (`id`),
  KEY `lancamentos_estabelecimento_id_foreign` (`estabelecimento_id`),
  KEY `lancamentos_fatura_id_foreign` (`fatura_id`),
  CONSTRAINT `lancamentos_estabelecimento_id_foreign` FOREIGN KEY (`estabelecimento_id`) REFERENCES `estabelecimentos` (`id`),
  CONSTRAINT `lancamentos_fatura_id_foreign` FOREIGN KEY (`fatura_id`) REFERENCES `faturas` (`id`)
) ENGINE=InnoDB DEFAULT CHARSET=utf8mb4 COLLATE=utf8mb4_unicode_ci;
/*!40101 SET character_set_client = @saved_cs_client */;

--
-- Dumping data for table `lancamentos`
--

LOCK TABLES `lancamentos` WRITE;
/*!40000 ALTER TABLE `lancamentos` DISABLE KEYS */;
INSERT INTO `lancamentos` VALUES (10062,1,105.80,'2019-10-21','16:42:51','2019-12-27 00:56:52','2019-12-27 00:56:52',1,0),(10931,2,48.12,'2019-11-18','15:25:02','2019-12-27 00:56:52','2019-12-27 00:56:52',2,0),(11249,3,41.56,'2019-11-06','10:47:44','2019-12-27 00:56:52','2019-12-27 00:56:52',2,0),(11302,4,132.78,'2019-10-05','17:52:37','2019-12-27 00:56:52','2019-12-27 00:56:52',3,0),(11729,5,91.10,'2019-12-04','23:38:07','2019-12-27 00:56:52','2019-12-27 00:56:52',2,0),(11878,6,186.61,'2019-11-01','22:55:19','2019-12-27 00:56:52','2019-12-27 00:56:52',1,0),(12002,5,122.27,'2019-10-10','10:52:13','2019-12-27 00:56:52','2019-12-27 00:56:52',1,0),(12816,7,-41.42,'2019-11-06','23:09:20','2019-12-27 00:56:52','2019-12-27 00:56:52',2,1),(12900,8,91.19,'2019-12-19','15:06:15','2019-12-27 00:56:52','2019-12-27 00:56:52',4,0),(12997,9,150.10,'2019-11-11','09:07:39','2019-12-27 00:56:52','2019-12-27 00:56:52',2,0),(13327,3,157.03,'2019-12-02','01:51:18','2019-12-27 00:56:52','2019-12-27 00:56:52',2,0),(13479,10,41.61,'2019-11-16','10:34:55','2019-12-27 00:56:52','2019-12-27 00:56:52',2,0),(14235,8,31.26,'2019-10-02','21:55:47','2019-12-27 00:56:52','2019-12-27 00:56:52',3,0),(14336,10,136.53,'2019-11-10','11:08:14','2019-12-27 00:56:52','2019-12-27 00:56:52',2,0),(14570,8,184.09,'2019-12-20','05:46:41','2019-12-27 00:56:52','2019-12-27 00:56:52',4,0),(14638,1,28.31,'2019-11-04','23:36:04','2019-12-27 00:56:52','2019-12-27 00:56:52',1,0),(15240,11,73.58,'2019-12-04','10:35:20','2019-12-27 00:56:52','2019-12-27 00:56:52',2,0),(15290,12,141.15,'2019-12-19','12:55:45','2019-12-27 00:56:52','2019-12-27 00:56:52',4,0),(17094,13,167.30,'2019-11-06','17:29:35','2019-12-27 00:56:52','2019-12-27 00:56:52',2,0),(18484,8,135.56,'2019-12-01','20:51:58','2019-12-27 00:56:52','2019-12-27 00:56:52',2,0),(19086,14,27.79,'2019-11-30','10:02:08','2019-12-27 00:56:52','2019-12-27 00:56:52',2,0),(19369,9,132.87,'2019-11-25','07:58:42','2019-12-27 00:56:52','2019-12-27 00:56:52',2,0),(19590,15,139.59,'2019-10-14','16:09:35','2019-12-27 00:56:52','2019-12-27 00:56:52',1,0),(19704,16,94.20,'2020-01-01','03:19:22','2019-12-27 00:56:52','2019-12-27 00:56:52',4,0),(20769,5,101.23,'2019-12-18','17:44:28','2019-12-27 00:56:52','2019-12-27 00:56:52',4,0),(22845,10,86.04,'2019-12-09','17:05:19','2019-12-27 00:56:52','2019-12-27 00:56:52',4,0),(23048,17,60.71,'2019-11-13','10:46:39','2019-12-27 00:56:52','2019-12-27 00:56:52',2,0),(23839,15,48.40,'2019-10-22','18:29:22','2019-12-27 00:56:52','2019-12-27 00:56:52',1,0),(23955,11,26.38,'2019-10-19','11:06:37','2019-12-27 00:56:52','2019-12-27 00:56:52',1,0),(24823,1,61.80,'2019-10-24','04:09:28','2019-12-27 00:56:52','2019-12-27 00:56:52',1,0),(25351,1,94.68,'2019-11-06','02:46:21','2019-12-27 00:56:52','2019-12-27 00:56:52',2,0),(25417,10,67.22,'2019-10-23','01:11:49','2019-12-27 00:56:52','2019-12-27 00:56:52',1,0),(25903,18,78.33,'2019-12-29','18:09:57','2019-12-27 00:56:52','2019-12-27 00:56:52',4,0),(26373,18,98.17,'2020-01-14','07:14:09','2019-12-27 00:56:52','2019-12-27 00:56:52',5,0),(27089,1,35.74,'2019-10-12','23:36:04','2019-12-27 00:56:52','2019-12-27 00:56:52',1,0),(27313,15,58.57,'2019-12-21','11:09:31','2019-12-27 00:56:52','2019-12-27 00:56:52',4,0),(27342,6,66.32,'2019-11-11','01:28:36','2019-12-27 00:56:52','2019-12-27 00:56:52',2,0),(27579,14,27.62,'2019-11-30','20:56:05','2019-12-27 00:56:52','2019-12-27 00:56:52',2,0),(28183,4,22.80,'2019-11-09','07:14:38','2019-12-27 00:56:52','2019-12-27 00:56:52',2,0),(28888,1,4.71,'2020-01-05','10:30:03','2019-12-27 00:56:52','2019-12-27 00:56:52',4,0),(29596,9,50.67,'2019-11-17','04:05:18','2019-12-27 00:56:52','2019-12-27 00:56:52',2,0),(30100,8,109.78,'2019-12-16','06:25:16','2019-12-27 00:56:52','2019-12-27 00:56:52',4,0),(30630,8,77.59,'2019-11-16','11:55:23','2019-12-27 00:56:52','2019-12-27 00:56:52',2,0),(31188,12,86.24,'2019-11-25','01:18:16','2019-12-27 00:56:52','2019-12-27 00:56:52',2,0),(31384,15,134.89,'2019-11-24','03:40:23','2019-12-27 00:56:52','2019-12-27 00:56:52',2,0),(31872,8,77.71,'2019-12-23','06:45:01','2019-12-27 00:56:52','2019-12-27 00:56:52',4,0),(32073,15,23.58,'2020-01-06','04:18:48','2019-12-27 00:56:52','2019-12-27 00:56:52',5,0),(33024,10,17.03,'2019-11-23','12:40:57','2019-12-27 00:56:52','2019-12-27 00:56:52',2,0),(33188,18,15.84,'2019-10-30','04:08:45','2019-12-27 00:56:52','2019-12-27 00:56:52',1,0),(33630,18,199.44,'2020-01-09','20:30:27','2019-12-27 00:56:52','2019-12-27 00:56:52',5,0),(33938,8,198.97,'2019-11-26','23:36:11','2019-12-27 00:56:52','2019-12-27 00:56:52',2,0),(34220,11,137.73,'2019-10-19','17:30:30','2019-12-27 00:56:52','2019-12-27 00:56:52',1,0),(34459,9,128.15,'2019-11-05','04:25:17','2019-12-27 00:56:52','2019-12-27 00:56:52',1,0),(35314,7,42.44,'2020-01-17','08:48:22','2019-12-27 00:56:52','2019-12-27 00:56:52',5,0),(35823,16,120.76,'2019-10-17','14:53:55','2019-12-27 00:56:52','2019-12-27 00:56:52',1,0),(36053,5,138.09,'2019-10-23','07:30:28','2019-12-27 00:56:52','2019-12-27 00:56:52',1,0),(36611,19,186.46,'2019-11-28','11:09:02','2019-12-27 00:56:52','2019-12-27 00:56:52',2,0),(37089,15,30.11,'2019-10-27','08:11:49','2019-12-27 00:56:52','2019-12-27 00:56:52',1,0),(37753,4,66.40,'2019-10-06','22:33:57','2019-12-27 00:56:52','2019-12-27 00:56:52',1,0),(37791,5,87.59,'2019-12-03','12:23:49','2019-12-27 00:56:52','2019-12-27 00:56:52',2,0),(37918,11,28.39,'2019-10-25','09:51:36','2019-12-27 00:56:52','2019-12-27 00:56:52',1,0),(39188,1,55.75,'2019-10-13','07:56:54','2019-12-27 00:56:52','2019-12-27 00:56:52',1,0),(39372,17,144.77,'2019-10-13','07:40:31','2019-12-27 00:56:52','2019-12-27 00:56:52',1,0),(39699,3,67.00,'2019-11-11','02:31:32','2019-12-27 00:56:52','2019-12-27 00:56:52',2,0),(40354,1,30.65,'2019-11-09','08:51:39','2019-12-27 00:56:52','2019-12-27 00:56:52',2,0),(40418,18,42.36,'2019-12-29','12:08:22','2019-12-27 00:56:52','2019-12-27 00:56:52',4,0),(40535,10,3.90,'2019-10-04','18:48:42','2019-12-27 00:56:52','2019-12-27 00:56:52',3,0),(41083,4,64.34,'2019-11-10','11:02:04','2019-12-27 00:56:52','2019-12-27 00:56:52',2,0),(41353,7,37.02,'2019-12-31','08:26:07','2019-12-27 00:56:52','2019-12-27 00:56:52',4,0),(41920,11,31.44,'2019-11-10','12:07:34','2019-12-27 00:56:52','2019-12-27 00:56:52',2,0),(42159,7,167.89,'2019-11-20','13:17:34','2019-12-27 00:56:52','2019-12-27 00:56:52',2,0),(42630,18,56.62,'2019-12-07','22:57:21','2019-12-27 00:56:53','2019-12-27 00:56:53',4,0),(42825,20,-156.61,'2019-12-01','15:34:14','2019-12-27 00:56:53','2019-12-27 00:56:53',2,1),(43176,1,-9.35,'2019-10-19','07:43:19','2019-12-27 00:56:53','2019-12-27 00:56:53',1,1),(43709,14,41.47,'2019-10-04','06:22:29','2019-12-27 00:56:53','2019-12-27 00:56:53',3,0),(43847,18,180.82,'2020-01-01','02:29:30','2019-12-27 00:56:53','2019-12-27 00:56:53',4,0),(43876,21,65.34,'2019-10-03','07:05:22','2019-12-27 00:56:53','2019-12-27 00:56:53',3,0),(44171,15,84.68,'2019-12-15','22:11:34','2019-12-27 00:56:53','2019-12-27 00:56:53',4,0),(44415,4,30.91,'2020-01-20','14:06:19','2019-12-27 00:56:53','2019-12-27 00:56:53',5,0),(44983,9,49.59,'2020-01-04','06:04:33','2019-12-27 00:56:53','2019-12-27 00:56:53',4,0),(46055,5,125.20,'2019-11-07','17:55:27','2019-12-27 00:56:53','2019-12-27 00:56:53',2,0),(46733,22,83.45,'2019-10-22','19:33:28','2019-12-27 00:56:53','2019-12-27 00:56:53',1,0),(46762,16,13.19,'2020-01-17','03:10:12','2019-12-27 00:56:53','2019-12-27 00:56:53',5,0),(46772,1,194.77,'2019-10-30','15:54:27','2019-12-27 00:56:53','2019-12-27 00:56:53',1,0),(46961,10,104.09,'2019-12-24','20:46:07','2019-12-27 00:56:53','2019-12-27 00:56:53',4,0),(48300,3,111.02,'2019-11-15','04:56:16','2019-12-27 00:56:53','2019-12-27 00:56:53',2,0),(48663,3,69.65,'2019-10-15','14:48:00','2019-12-27 00:56:53','2019-12-27 00:56:53',1,0),(48779,11,164.05,'2019-12-09','12:19:19','2019-12-27 00:56:53','2019-12-27 00:56:53',4,0),(48887,9,29.65,'2019-11-17','20:38:53','2019-12-27 00:56:53','2019-12-27 00:56:53',2,0),(49114,7,57.79,'2019-12-06','15:47:34','2019-12-27 00:56:53','2019-12-27 00:56:53',4,0),(49432,11,36.68,'2019-12-17','11:47:17','2019-12-27 00:56:53','2019-12-27 00:56:53',4,0),(50102,11,15.03,'2019-12-06','17:54:53','2019-12-27 00:56:53','2019-12-27 00:56:53',4,0),(50924,4,200.60,'2020-01-16','15:09:00','2019-12-27 00:56:53','2019-12-27 00:56:53',5,0),(51131,16,100.00,'2019-12-13','16:31:10','2019-12-27 00:56:53','2019-12-27 00:56:53',4,0),(51174,18,14.26,'2019-10-22','19:56:43','2019-12-27 00:56:53','2019-12-27 00:56:53',1,0),(51655,18,19.74,'2019-12-08','07:34:40','2019-12-27 00:56:53','2019-12-27 00:56:53',4,0),(51760,3,41.34,'2019-11-03','16:53:34','2019-12-27 00:56:53','2019-12-27 00:56:53',1,0),(51812,9,78.96,'2019-11-03','15:49:59','2019-12-27 00:56:53','2019-12-27 00:56:53',1,0),(52224,7,41.42,'2019-11-06','23:09:19','2019-12-27 00:56:53','2019-12-27 00:56:53',2,0),(52698,11,126.85,'2019-11-30','18:14:00','2019-12-27 00:56:53','2019-12-27 00:56:53',2,0),(53296,10,119.47,'2019-10-03','19:47:09','2019-12-27 00:56:53','2019-12-27 00:56:53',3,0),(54187,14,77.30,'2020-01-10','13:14:45','2019-12-27 00:56:53','2019-12-27 00:56:53',5,0),(54590,1,103.21,'2019-11-05','23:37:08','2019-12-27 00:56:53','2019-12-27 00:56:53',1,0),(55263,15,19.57,'2019-12-31','22:53:46','2019-12-27 00:56:53','2019-12-27 00:56:53',4,0),(56867,18,94.56,'2019-12-06','13:00:15','2019-12-27 00:56:53','2019-12-27 00:56:53',4,0),(57294,18,36.63,'2019-10-08','17:03:32','2019-12-27 00:56:53','2019-12-27 00:56:53',1,0),(58421,7,185.26,'2019-11-13','20:29:57','2019-12-27 00:56:53','2019-12-27 00:56:53',2,0),(59598,3,33.12,'2019-12-25','00:42:04','2019-12-27 00:56:53','2019-12-27 00:56:53',4,0),(60939,18,182.52,'2019-11-01','08:57:13','2019-12-27 00:56:53','2019-12-27 00:56:53',1,0),(60988,9,197.43,'2019-12-09','12:24:18','2019-12-27 00:56:53','2019-12-27 00:56:53',4,0),(62737,16,14.17,'2019-11-16','18:30:55','2019-12-27 00:56:53','2019-12-27 00:56:53',2,0),(63190,5,100.80,'2019-11-28','23:53:30','2019-12-27 00:56:53','2019-12-27 00:56:53',2,0),(63242,11,103.68,'2020-01-04','07:06:01','2019-12-27 00:56:53','2019-12-27 00:56:53',4,0),(63378,2,116.43,'2020-01-10','03:34:10','2019-12-27 00:56:53','2019-12-27 00:56:53',5,0),(63451,5,48.07,'2019-10-13','08:47:03','2019-12-27 00:56:53','2019-12-27 00:56:53',1,0),(63831,7,67.23,'2019-11-03','15:26:07','2019-12-27 00:56:53','2019-12-27 00:56:53',1,0),(63934,11,64.97,'2019-12-09','09:15:37','2019-12-27 00:56:53','2019-12-27 00:56:53',4,0),(64060,4,42.97,'2019-12-07','11:15:31','2019-12-27 00:56:53','2019-12-27 00:56:53',4,0),(64759,3,97.72,'2019-12-18','15:11:45','2019-12-27 00:56:53','2019-12-27 00:56:53',4,0),(65241,15,-40.19,'2019-11-19','02:16:51','2019-12-27 00:56:53','2019-12-27 00:56:53',2,1),(65275,8,33.14,'2019-12-18','23:12:40','2019-12-27 00:56:53','2019-12-27 00:56:53',4,0),(66074,17,80.80,'2019-10-22','10:29:45','2019-12-27 00:56:53','2019-12-27 00:56:53',1,0),(66873,18,-139.35,'2019-12-02','18:59:15','2019-12-27 00:56:53','2019-12-27 00:56:53',2,1),(67086,15,40.19,'2019-11-19','02:16:50','2019-12-27 00:56:53','2019-12-27 00:56:53',2,0),(67516,9,21.30,'2019-11-19','11:22:59','2019-12-27 00:56:53','2019-12-27 00:56:53',2,0),(67638,23,6.66,'2020-01-12','18:15:07','2019-12-27 00:56:53','2019-12-27 00:56:53',5,0),(68254,16,104.64,'2019-10-17','17:56:32','2019-12-27 00:56:53','2019-12-27 00:56:53',1,0),(68328,14,106.18,'2019-10-09','01:12:03','2019-12-27 00:56:53','2019-12-27 00:56:53',1,0),(68660,16,27.43,'2019-10-30','17:56:21','2019-12-27 00:56:53','2019-12-27 00:56:53',1,0),(68972,11,42.04,'2019-12-13','18:46:57','2019-12-27 00:56:53','2019-12-27 00:56:53',4,0),(69023,11,46.80,'2019-11-20','10:57:20','2019-12-27 00:56:53','2019-12-27 00:56:53',2,0),(69498,8,62.20,'2019-11-10','19:22:41','2019-12-27 00:56:53','2019-12-27 00:56:53',2,0),(70172,1,42.29,'2019-10-08','03:53:20','2019-12-27 00:56:53','2019-12-27 00:56:53',1,0),(70662,15,137.87,'2019-12-03','23:06:33','2019-12-27 00:56:53','2019-12-27 00:56:53',2,0),(71374,5,82.13,'2019-11-12','03:13:43','2019-12-27 00:56:53','2019-12-27 00:56:53',2,0),(71482,5,4.80,'2019-11-17','03:34:05','2019-12-27 00:56:53','2019-12-27 00:56:53',2,0),(71660,3,73.21,'2019-10-31','03:08:20','2019-12-27 00:56:53','2019-12-27 00:56:53',1,0),(71714,3,6.21,'2019-11-10','08:32:41','2019-12-27 00:56:53','2019-12-27 00:56:53',2,0),(72539,15,148.80,'2019-10-03','03:17:09','2019-12-27 00:56:53','2019-12-27 00:56:53',3,0),(72900,15,36.65,'2019-10-26','21:49:34','2019-12-27 00:56:53','2019-12-27 00:56:53',1,0),(73007,7,29.18,'2019-10-09','11:48:43','2019-12-27 00:56:53','2019-12-27 00:56:53',1,0),(74436,14,4.93,'2019-10-07','05:14:12','2019-12-27 00:56:53','2019-12-27 00:56:53',1,0),(75673,21,-65.34,'2019-10-03','07:05:23','2019-12-27 00:56:53','2019-12-27 00:56:53',3,1),(76406,11,176.50,'2019-12-02','11:31:10','2019-12-27 00:56:53','2019-12-27 00:56:53',2,0),(76933,10,59.97,'2019-10-23','05:09:15','2019-12-27 00:56:53','2019-12-27 00:56:53',1,0),(77196,15,171.29,'2019-12-15','13:35:37','2019-12-27 00:56:53','2019-12-27 00:56:53',4,0),(77641,9,145.49,'2019-10-06','10:53:42','2019-12-27 00:56:53','2019-12-27 00:56:53',1,0),(78917,18,46.19,'2020-01-11','18:54:14','2019-12-27 00:56:53','2019-12-27 00:56:53',5,0),(79018,9,27.31,'2019-11-18','03:35:42','2019-12-27 00:56:53','2019-12-27 00:56:53',2,0),(79033,14,65.52,'2019-10-01','04:54:20','2019-12-27 00:56:53','2019-12-27 00:56:53',3,0),(79063,14,42.57,'2019-11-07','07:00:03','2019-12-27 00:56:53','2019-12-27 00:56:53',2,0),(79124,20,156.61,'2019-12-01','15:34:13','2019-12-27 00:56:53','2019-12-27 00:56:53',2,0),(79825,10,83.56,'2019-10-01','00:59:23','2019-12-27 00:56:54','2019-12-27 00:56:54',3,0),(80171,8,98.88,'2019-11-05','09:05:15','2019-12-27 00:56:54','2019-12-27 00:56:54',1,0),(81476,18,65.91,'2019-12-21','18:17:44','2019-12-27 00:56:54','2019-12-27 00:56:54',4,0),(81552,15,16.57,'2020-01-15','06:08:58','2019-12-27 00:56:54','2019-12-27 00:56:54',5,0),(81876,5,150.47,'2020-01-09','20:32:28','2019-12-27 00:56:54','2019-12-27 00:56:54',5,0),(81945,11,145.58,'2020-01-09','16:15:39','2019-12-27 00:56:54','2019-12-27 00:56:54',5,0),(81970,9,7.09,'2019-10-23','12:44:40','2019-12-27 00:56:54','2019-12-27 00:56:54',1,0),(81997,1,67.83,'2019-10-02','21:01:31','2019-12-27 00:56:54','2019-12-27 00:56:54',3,0),(82120,11,83.69,'2019-10-25','01:34:49','2019-12-27 00:56:54','2019-12-27 00:56:54',1,0),(82199,1,27.35,'2020-01-19','18:46:15','2019-12-27 00:56:54','2019-12-27 00:56:54',5,0),(82634,8,3.37,'2019-12-11','18:20:59','2019-12-27 00:56:54','2019-12-27 00:56:54',4,0),(83017,9,36.53,'2019-12-03','04:20:45','2019-12-27 00:56:54','2019-12-27 00:56:54',2,0),(83980,8,20.45,'2019-10-06','03:49:35','2019-12-27 00:56:54','2019-12-27 00:56:54',1,0),(84307,14,64.76,'2019-11-15','02:04:45','2019-12-27 00:56:54','2019-12-27 00:56:54',2,0),(84449,1,60.52,'2019-11-24','22:01:08','2019-12-27 00:56:54','2019-12-27 00:56:54',2,0),(84483,15,62.61,'2019-11-20','22:03:45','2019-12-27 00:56:54','2019-12-27 00:56:54',2,0),(84491,1,88.48,'2019-11-02','11:40:28','2019-12-27 00:56:54','2019-12-27 00:56:54',1,0),(84497,11,89.11,'2019-12-10','21:51:08','2019-12-27 00:56:54','2019-12-27 00:56:54',4,0),(84559,14,46.16,'2020-01-18','20:55:24','2019-12-27 00:56:54','2019-12-27 00:56:54',5,0),(85602,7,2.53,'2019-10-22','14:07:48','2019-12-27 00:56:54','2019-12-27 00:56:54',1,0),(85637,1,9.35,'2019-10-19','07:43:18','2019-12-27 00:56:54','2019-12-27 00:56:54',1,0),(85973,4,34.54,'2019-10-20','17:33:21','2019-12-27 00:56:54','2019-12-27 00:56:54',1,0),(86084,14,113.36,'2019-10-28','14:06:27','2019-12-27 00:56:54','2019-12-27 00:56:54',1,0),(86303,8,32.17,'2020-01-10','22:54:06','2019-12-27 00:56:54','2019-12-27 00:56:54',5,0),(86977,10,90.72,'2020-01-16','08:57:04','2019-12-27 00:56:54','2019-12-27 00:56:54',5,0),(87416,14,50.91,'2019-10-12','01:39:12','2019-12-27 00:56:54','2019-12-27 00:56:54',1,0),(87654,8,5.60,'2019-11-12','01:45:18','2019-12-27 00:56:54','2019-12-27 00:56:54',2,0),(87744,7,126.50,'2019-11-03','12:55:05','2019-12-27 00:56:54','2019-12-27 00:56:54',1,0),(88190,8,67.28,'2019-12-13','15:32:16','2019-12-27 00:56:54','2019-12-27 00:56:54',4,0),(89408,3,82.08,'2019-12-31','00:04:59','2019-12-27 00:56:54','2019-12-27 00:56:54',4,0),(89458,18,35.13,'2019-10-27','05:32:41','2019-12-27 00:56:54','2019-12-27 00:56:54',1,0),(89574,9,140.01,'2019-10-04','22:44:10','2019-12-27 00:56:54','2019-12-27 00:56:54',3,0),(89682,11,70.33,'2019-10-28','12:33:37','2019-12-27 00:56:54','2019-12-27 00:56:54',1,0),(90326,15,61.68,'2019-11-14','01:34:52','2019-12-27 00:56:54','2019-12-27 00:56:54',2,0),(90927,8,108.58,'2020-01-05','20:23:49','2019-12-27 00:56:54','2019-12-27 00:56:54',4,0),(91772,14,139.14,'2020-01-02','01:29:12','2019-12-27 00:56:54','2019-12-27 00:56:54',4,0),(91779,8,91.24,'2019-10-27','10:11:51','2019-12-27 00:56:54','2019-12-27 00:56:54',1,0),(92036,10,5.80,'2019-10-29','01:02:34','2019-12-27 00:56:54','2019-12-27 00:56:54',1,0),(92130,15,15.25,'2019-11-25','13:08:27','2019-12-27 00:56:54','2019-12-27 00:56:54',2,0),(92399,15,58.93,'2019-11-11','03:30:35','2019-12-27 00:56:54','2019-12-27 00:56:54',2,0),(92539,7,149.20,'2019-10-07','17:43:51','2019-12-27 00:56:54','2019-12-27 00:56:54',1,0),(92639,16,36.98,'2019-10-21','04:54:15','2019-12-27 00:56:54','2019-12-27 00:56:54',1,0),(92858,14,76.20,'2019-12-17','22:28:34','2019-12-27 00:56:54','2019-12-27 00:56:54',4,0),(93045,9,142.40,'2020-01-03','23:30:33','2019-12-27 00:56:54','2019-12-27 00:56:54',4,0),(93212,4,86.28,'2019-11-28','18:46:58','2019-12-27 00:56:54','2019-12-27 00:56:54',2,0),(93269,18,59.31,'2019-12-15','00:17:16','2019-12-27 00:56:54','2019-12-27 00:56:54',4,0),(93929,9,61.63,'2019-12-13','22:55:56','2019-12-27 00:56:54','2019-12-27 00:56:54',4,0),(94500,14,65.03,'2019-12-08','05:47:59','2019-12-27 00:56:54','2019-12-27 00:56:54',4,0),(95296,9,36.51,'2019-11-11','06:44:16','2019-12-27 00:56:54','2019-12-27 00:56:54',2,0),(95749,9,179.06,'2019-11-28','12:53:56','2019-12-27 00:56:54','2019-12-27 00:56:54',2,0),(96776,3,-33.12,'2019-12-25','00:42:05','2019-12-27 00:56:54','2019-12-27 00:56:54',4,1),(96863,8,131.91,'2019-10-07','23:14:36','2019-12-27 00:56:54','2019-12-27 00:56:54',1,0),(96972,11,100.86,'2019-12-31','05:21:58','2019-12-27 00:56:54','2019-12-27 00:56:54',4,0),(97228,18,59.38,'2019-10-17','23:26:31','2019-12-27 00:56:54','2019-12-27 00:56:54',1,0),(97376,8,-77.71,'2019-12-23','06:45:02','2019-12-27 00:56:54','2019-12-27 00:56:54',4,1),(97467,5,75.20,'2020-01-09','18:05:27','2019-12-27 00:56:54','2019-12-27 00:56:54',5,0),(98072,18,139.35,'2019-12-02','18:59:14','2019-12-27 00:56:54','2019-12-27 00:56:54',2,0),(98202,7,168.87,'2019-11-08','18:28:24','2019-12-27 00:56:54','2019-12-27 00:56:54',2,0),(99129,15,58.66,'2019-12-21','14:08:48','2019-12-27 00:56:54','2019-12-27 00:56:54',4,0),(99326,4,15.00,'2020-01-08','23:04:30','2019-12-27 00:56:54','2019-12-27 00:56:54',5,0),(99339,16,25.90,'2019-11-12','12:14:08','2019-12-27 00:56:54','2019-12-27 00:56:54',2,0),(99523,18,11.50,'2019-11-22','12:55:42','2019-12-27 00:56:54','2019-12-27 00:56:54',2,0),(99654,8,101.73,'2019-12-30','20:57:01','2019-12-27 00:56:54','2019-12-27 00:56:54',4,0);
/*!40000 ALTER TABLE `lancamentos` ENABLE KEYS */;
UNLOCK TABLES;

--
-- Table structure for table `migrations`
--

DROP TABLE IF EXISTS `migrations`;
/*!40101 SET @saved_cs_client     = @@character_set_client */;
/*!50503 SET character_set_client = utf8mb4 */;
CREATE TABLE `migrations` (
  `id` int(10) unsigned NOT NULL AUTO_INCREMENT,
  `migration` varchar(255) COLLATE utf8mb4_unicode_ci NOT NULL,
  `batch` int(11) NOT NULL,
  PRIMARY KEY (`id`)
) ENGINE=InnoDB AUTO_INCREMENT=9 DEFAULT CHARSET=utf8mb4 COLLATE=utf8mb4_unicode_ci;
/*!40101 SET character_set_client = @saved_cs_client */;

--
-- Dumping data for table `migrations`
--

LOCK TABLES `migrations` WRITE;
/*!40000 ALTER TABLE `migrations` DISABLE KEYS */;
INSERT INTO `migrations` VALUES (1,'2019_12_22_225612_create_clientes_table',1),(2,'2019_12_22_225712_create_categorias_estabelecimentos_table',1),(3,'2019_12_22_225725_create_estabelecimentos_table',1),(4,'2019_12_22_225738_create_lancamentos_table',1),(5,'2019_12_26_111827_create_status_faturas_table',1),(6,'2019_12_26_111850_create_faturas_table',1),(7,'2019_12_26_111943_change_clientes_table',1),(8,'2019_12_26_111956_change_lancamentos_table',1);
/*!40000 ALTER TABLE `migrations` ENABLE KEYS */;
UNLOCK TABLES;

--
-- Table structure for table `status_faturas`
--

DROP TABLE IF EXISTS `status_faturas`;
/*!40101 SET @saved_cs_client     = @@character_set_client */;
/*!50503 SET character_set_client = utf8mb4 */;
CREATE TABLE `status_faturas` (
  `id` bigint(20) unsigned NOT NULL AUTO_INCREMENT,
  `nome` varchar(255) COLLATE utf8mb4_unicode_ci NOT NULL,
  PRIMARY KEY (`id`)
) ENGINE=InnoDB AUTO_INCREMENT=4 DEFAULT CHARSET=utf8mb4 COLLATE=utf8mb4_unicode_ci;
/*!40101 SET character_set_client = @saved_cs_client */;

--
-- Dumping data for table `status_faturas`
--

LOCK TABLES `status_faturas` WRITE;
/*!40000 ALTER TABLE `status_faturas` DISABLE KEYS */;
INSERT INTO `status_faturas` VALUES (1,'Aberta'),(2,'Fechada'),(3,'Paga');
/*!40000 ALTER TABLE `status_faturas` ENABLE KEYS */;
UNLOCK TABLES;
/*!40103 SET TIME_ZONE=@OLD_TIME_ZONE */;

/*!40101 SET SQL_MODE=@OLD_SQL_MODE */;
/*!40014 SET FOREIGN_KEY_CHECKS=@OLD_FOREIGN_KEY_CHECKS */;
/*!40014 SET UNIQUE_CHECKS=@OLD_UNIQUE_CHECKS */;
/*!40101 SET CHARACTER_SET_CLIENT=@OLD_CHARACTER_SET_CLIENT */;
/*!40101 SET CHARACTER_SET_RESULTS=@OLD_CHARACTER_SET_RESULTS */;
/*!40101 SET COLLATION_CONNECTION=@OLD_COLLATION_CONNECTION */;
/*!40111 SET SQL_NOTES=@OLD_SQL_NOTES */;

-- Dump completed on 2019-12-27 21:35:15
